id,tweetText,tweetURL,type,tweetAuthor,handle,replyCount,quoteCount,retweetCount,likeCount,views,bookmarkCount,createdAt,allMediaURL,videoURL
1797604320709677326,"रेल यात्रा के दौरान सहायता के लिए #RailMadad ऐप का उपयोग करें।

डाउनलोड करें

iOS: https://t.co/DPsosAkvHC

Playstore: https://t.co/AGIFHWeaLg https://t.co/moDhbwpLY3",https://x.com/RailMinIndia/status/1797604320709677326,tweet,Ministry of Railways,@RailMinIndia,21,0,48,123,12951,1,2024-06-03 17:50:42,https://pbs.twimg.com/media/GPJfl4eXMAE41IC.jpg,
1797528091071574479,"Gaze into the beauty of the majestic hills surrounding Khongsang Railway Station in Manipur, under the shade of billowing clouds that stretch far and wide. https://t.co/PFWITUfpfG",https://x.com/RailMinIndia/status/1797528091071574479,tweet,Ministry of Railways,@RailMinIndia,11,1,124,256,20164,1,2024-06-03 12:47:48,https://pbs.twimg.com/media/GPIaREgXQAAIPA6.jpg,
1797320716917825825,Be a #ResponsibleRailYatri and don’t fall into the trap of purchasing tickets from unauthorised sellers. https://t.co/7eoUwnRAK7,https://x.com/RailMinIndia/status/1797320716917825825,tweet,Ministry of Railways,@RailMinIndia,33,0,228,355,39643,1,2024-06-02 23:03:46,https://pbs.twimg.com/media/GPFdqI_WsAAOSjh.jpg,
1797319983485026391,"@umashankarsingh क्या आप को पता है -
New Delhi Rly स्टेशन पर पिक अप &amp; ड्रॉप लेन में पॉर्किंग नहीं किया जाता,जाम लग जाता है। 
Pickup &amp; Drop 8 minute तक निसुल्क है।
लोग कम देर रुकें,जाम ना हो इसलिये डेटेर्रेंट के रूप में चार्जिंग की जाती है। 
अगर पार्किंग करनी हो तो अलग से पार्किंग की व्यवस्था है । https://t.co/cYepG2sclx",https://x.com/RailMinIndia/status/1797319983485026391,retweet,DRM Delhi NR,@drm_dli,0,0,96,0,-,0,2024-06-02 23:00:51,,
1797141608359763981,"Eclipsed by the enormity of a hill in the background, a train marches on near Shokhuvi Railway station in Nagaland. https://t.co/d8xQYvvWd5",https://x.com/RailMinIndia/status/1797141608359763981,tweet,Ministry of Railways,@RailMinIndia,32,0,259,495,39254,3,2024-06-02 11:12:03,https://pbs.twimg.com/media/GPC6wo6WIAAen-6.jpg,
1796911528966488480,Glimpses of a train as it traces the green-scapes of the enchanting Shiradi Ghat in Karnataka. 🛤️ https://t.co/yYSeKuCR3a,https://x.com/RailMinIndia/status/1796911528966488480,tweet,Ministry of Railways,@RailMinIndia,25,1,269,589,44679,10,2024-06-01 19:57:48,https://pbs.twimg.com/amplify_video_thumb/1796911436142383104/img/digL4cSwJRUohaRk.jpg,https://video.twimg.com/amplify_video/1796911436142383104/vid/avc1/720x1280/Tta_wDm2XFrNRhg9.mp4?tag=14
1796834661248938489,"#RailMadad, the go-to helping hand that Railway passengers need.

Download

Play Store: https://t.co/IVQPvVV5v9

iOS:https://t.co/DPsosAkvHC https://t.co/lsVrseO3Uk",https://x.com/RailMinIndia/status/1796834661248938489,tweet,Ministry of Railways,@RailMinIndia,26,3,241,294,37115,4,2024-06-01 14:52:21,https://pbs.twimg.com/media/GO-jmMGaoAEBIjp.jpg,
1796788185525264622,"Strolling away with trees fringed on either side, Antagarh-Taroki Rail Line diffuses into the horizon. 
📍Chhattisgarh https://t.co/MldqGdOgh4",https://x.com/RailMinIndia/status/1796788185525264622,tweet,Ministry of Railways,@RailMinIndia,39,3,247,746,61803,12,2024-06-01 11:47:40,https://pbs.twimg.com/media/GO95UuPXwAEowrY.jpg,
1796552250170749314,"Close taps when not in use on Railway premises and contribute to saving water. 

#MissionLiFE #ChooseLiFE https://t.co/kEbeuadp1d",https://x.com/RailMinIndia/status/1796552250170749314,tweet,Ministry of Railways,@RailMinIndia,60,5,258,516,49650,9,2024-05-31 20:10:09,https://pbs.twimg.com/media/GO6iuQOacAA1AGB.jpg,
1796480645994328237,Ensure a peaceful and pleasant journey for all and be a #ResponsibleRailYatri by using headphones and avoiding loud music while travelling. https://t.co/04tIWS0wOB,https://x.com/RailMinIndia/status/1796480645994328237,tweet,Ministry of Railways,@RailMinIndia,23,0,264,434,39256,7,2024-05-31 15:25:37,https://pbs.twimg.com/media/GO5hjpVWQAAkDUy.jpg,
1796421877734481974,"Proceeding towards New Cooch Behar, a train is greeted by a blossom hedge unfolding in all its glory near New Jalpaiguri Junction, Siliguri, West Bengal.

Credits: Babai Dey https://t.co/beQQ8Jy71i",https://x.com/RailMinIndia/status/1796421877734481974,tweet,Ministry of Railways,@RailMinIndia,30,2,268,634,43371,5,2024-05-31 11:32:06,https://pbs.twimg.com/media/GO4sI5dacAA9xPI.jpg,
1796180045314011579,"#ResponsibleRailYatri का कर्तव्य निभाएं। यात्रा के दौरान आवश्यकता नहीं होने पर लाइट और पंखे का स्विच ऑफ कर ऊर्जा संरक्षण में भारतीय रेल का साथ निभाएं।

#MissionLiFE #ChooseLiFE https://t.co/AaEXWv3SIo",https://x.com/RailMinIndia/status/1796180045314011579,tweet,Ministry of Railways,@RailMinIndia,73,6,273,502,46585,4,2024-05-30 19:31:08,https://pbs.twimg.com/media/GO1QJxkWoAARL6x.jpg,
1796100316082884966,"Why stand in long queues when you have access to a ticket counter on your phone? Book unreserved tickets with the #UTS App and save time.

Download

Play Store: https://t.co/tU157vxX46
iOS: https://t.co/ScVyEEwOuk https://t.co/frALgNWBqZ",https://x.com/RailMinIndia/status/1796100316082884966,tweet,Ministry of Railways,@RailMinIndia,42,2,270,336,39088,6,2024-05-30 14:14:19,https://pbs.twimg.com/media/GO0HnB3XgAAsDZS.jpg,
1796006113504375144,Indian Railways navigating the most pristine and majestic corners of the Nation. https://t.co/kP5nw578P6,https://x.com/RailMinIndia/status/1796006113504375144,tweet,Ministry of Railways,@RailMinIndia,40,3,315,627,53937,8,2024-05-30 08:00:00,https://pbs.twimg.com/media/GOv6VzdXsAAs5FK.jpg,https://video.twimg.com/amplify_video/1795803675291500544/vid/avc1/720x1280/cTfDuW8hdeCxDeuK.mp4?tag=14
1795801948056129744,"Make your train travel easy by carrying only the essential luggage.
#ResponsibleRailYatri https://t.co/3JD6FmCAMd",https://x.com/RailMinIndia/status/1795801948056129744,tweet,Ministry of Railways,@RailMinIndia,44,1,266,421,44142,1,2024-05-29 18:28:43,https://pbs.twimg.com/media/GOv4SMKW0AAm9G7.jpg,
1795724229104869791,A train carves out a picturesque scenery off-the-beaten path near Ranchi-Muri Rail section. https://t.co/6OReURCCRw,https://x.com/RailMinIndia/status/1795724229104869791,tweet,Ministry of Railways,@RailMinIndia,42,0,285,634,53217,7,2024-05-29 13:19:53,https://pbs.twimg.com/media/GOuxbaLXUAA3gqB.jpg,
1795471759472267411,Be a #ResponsibleRailYatri and kindly refrain from accepting food from unknown co-travellers. https://t.co/czYj0T8MFv,https://x.com/RailMinIndia/status/1795471759472267411,tweet,Ministry of Railways,@RailMinIndia,43,2,286,382,40388,2,2024-05-28 20:36:40,https://pbs.twimg.com/media/GOrMC2UaUAAsGic.jpg,
1795367321395249162,"रेल यात्रा के दौरान समस्या के निवारण के लिए रेल मदद हेल्पलाइन नंबर 139 डॉयल करें।

डाउनलोड करें

iOS: https://t.co/DPsosAkvHC

Playstore: https://t.co/AGIFHWeaLg https://t.co/PcpTDYnfAh",https://x.com/RailMinIndia/status/1795367321395249162,tweet,Ministry of Railways,@RailMinIndia,92,5,291,416,40128,8,2024-05-28 13:41:40,https://pbs.twimg.com/media/GOptD0vW8AAbmDj.jpg,
1795301689442115899,"Slithering across a mountainous terrain, here’s an aerial capture of a toy train traversing the Kalka-Shimla Railway. 🛤️ https://t.co/NGKBxfIEJb",https://x.com/RailMinIndia/status/1795301689442115899,tweet,Ministry of Railways,@RailMinIndia,21,1,312,548,39261,3,2024-05-28 09:20:52,https://pbs.twimg.com/media/GOoxXY9XEAAs9-u.jpg,
1795094330211782757,Test your Railway knowledge. 🤓 https://t.co/pgCWuptGKm,https://x.com/RailMinIndia/status/1795094330211782757,tweet,Ministry of Railways,@RailMinIndia,96,3,277,521,52366,9,2024-05-27 19:36:54,https://pbs.twimg.com/amplify_video_thumb/1795094220656582656/img/REtw4w7DZzlxTnrk.jpg,https://video.twimg.com/amplify_video/1795094220656582656/vid/avc1/1920x1080/Pxjs_lFRChXjB2eM.mp4?tag=16
1795019784683221269,"रेल यात्रा के दौरान ज्वलनशील पदार्थ ले जाना दण्डनीय अपराध हैI 

#ResponsibleRailYatri https://t.co/KfEo4zXpvS",https://x.com/RailMinIndia/status/1795019784683221269,tweet,Ministry of Railways,@RailMinIndia,59,3,293,482,41034,3,2024-05-27 14:40:41,https://pbs.twimg.com/media/GOkw-iJWwAES2md.jpg,
1794964712423088225,"A brisk dawn radiates the relaxed cadence of Kathgodam Railway Station, Uttarakhand, gently tucked between the hills. https://t.co/TFoRP1kXKB",https://x.com/RailMinIndia/status/1794964712423088225,tweet,Ministry of Railways,@RailMinIndia,26,0,333,584,41702,6,2024-05-27 11:01:50,https://pbs.twimg.com/media/GOj-4vkboAAxPy0.jpg,
1794733275447181598,https://t.co/Dm8f8pdRvO,https://x.com/RailMinIndia/status/1794733275447181598,tweet,Ministry of Railways,@RailMinIndia,5,1,238,281,28244,2,2024-05-26 19:42:12,https://pbs.twimg.com/media/GOgsZZ-XoAAnb_y.jpg,
1794721808610111812,https://t.co/rV9Jb2Umm1,https://x.com/RailMinIndia/status/1794721808610111812,tweet,Ministry of Railways,@RailMinIndia,15,2,236,327,32908,3,2024-05-26 18:56:38,https://pbs.twimg.com/media/GOgh96kWsAAw0re.jpg,
1794714519962554759,https://t.co/tEoqTgx7CU,https://x.com/RailMinIndia/status/1794714519962554759,tweet,Ministry of Railways,@RailMinIndia,8,1,106,173,17764,1,2024-05-26 18:27:40,https://pbs.twimg.com/media/GOgbVs3WkAAVUNY.jpg,
1794706863579333016,"Elevate your online unreserved ticketing experience with these advanced features of the #UTS App. 

Download
Play Store: https://t.co/tU157vyuTE

iOS: https://t.co/ScVyEExmjS https://t.co/IsmgYhZtF5",https://x.com/RailMinIndia/status/1794706863579333016,tweet,Ministry of Railways,@RailMinIndia,75,7,326,659,505321,42,2024-05-26 17:57:14,"https://pbs.twimg.com/media/GOgUXyZW8AAQKX2.jpg,https://pbs.twimg.com/media/GOgUXyYWAAALcGF.jpg,https://pbs.twimg.com/media/GOgUXyZWUAInE8U.jpg,https://pbs.twimg.com/media/GOgUXyZWUAEt7AD.jpg",
1794592599879356788,"From serene seafront to marvellous monuments, discover Mumbai. Experience India, the Rail Way! 🚇 https://t.co/XU1851QRfy",https://x.com/RailMinIndia/status/1794592599879356788,tweet,Ministry of Railways,@RailMinIndia,15,1,259,345,34017,4,2024-05-26 10:23:12,https://pbs.twimg.com/media/GOv5TMlXQAI7HID.jpg,https://video.twimg.com/amplify_video/1794591488757633024/vid/avc1/1920x1080/LAu2AGFhu_jMeeBp.mp4?tag=16
1794417382418702599,"रेलवे स्टेशनों पर एक प्लेटफार्म से दूसरे प्लेटफार्म पर जाने के लिए हमेशा फुट ओवरब्रिज (FOB) का उपयोग करें। सुरक्षित रहें, सुखद यात्रा करें।

#ResponsibleRailYatri https://t.co/oqZxuhz3mC",https://x.com/RailMinIndia/status/1794417382418702599,tweet,Ministry of Railways,@RailMinIndia,61,1,285,490,45325,4,2024-05-25 22:46:57,https://pbs.twimg.com/media/GOcNFt3aUAAFCx6.jpg,
1794356033378566372,"Need redressal? Don’t be dismal.
Get instant assistance with #RailMadad https://t.co/SySGDR9GFC",https://x.com/RailMinIndia/status/1794356033378566372,tweet,Ministry of Railways,@RailMinIndia,68,7,258,337,40338,6,2024-05-25 18:43:10,https://pbs.twimg.com/media/GObVTIVWQAAHazr.jpg,
1794244092815409573,"Scooping its way midst a meadow, a train manoeuvres a sharp curve along its track. https://t.co/ngMyy4wNJ7",https://x.com/RailMinIndia/status/1794244092815409573,tweet,Ministry of Railways,@RailMinIndia,45,4,324,634,45013,13,2024-05-25 11:18:21,https://pbs.twimg.com/amplify_video_thumb/1794244021629415424/img/6hZhM7KFlFOX-y_V.jpg,https://video.twimg.com/amplify_video/1794244021629415424/vid/avc1/1920x1080/hIOypp-uluB5ZmRq.mp4?tag=16
1794210354005999777,"मतदान कर राष्ट्रहित में अपनी जिम्मेदारी निभाइए।

#ChunavKaParv #DeshKaGarv #Elections2024 https://t.co/rsl5xWcAe4",https://x.com/RailMinIndia/status/1794210354005999777,tweet,Ministry of Railways,@RailMinIndia,36,2,294,426,33422,2,2024-05-25 09:04:17,https://pbs.twimg.com/media/GOZQze8WEAAvJki.jpg,
1794012981543497862,"A Testament to Railways' commitment towards eco-friendly train operations

⚡ Solar Power Plant in Bina, Madhya Pradesh https://t.co/0jQwTqio9g",https://x.com/RailMinIndia/status/1794012981543497862,tweet,Ministry of Railways,@RailMinIndia,32,3,257,388,30999,2,2024-05-24 20:00:00,https://pbs.twimg.com/media/GOWNmEvW4AAsIac.jpg,https://video.twimg.com/amplify_video/1793995436862140416/vid/avc1/720x1280/2ga6-yqyvJ1T4CTM.mp4?tag=14
1793931710385557616,"रेलवे स्टेशन साफ-सुथरा बनाए रखने में अपना योगदान देंI 

#ResponsibleRailYatri https://t.co/YfbhAlx7Ar",https://x.com/RailMinIndia/status/1793931710385557616,tweet,Ministry of Railways,@RailMinIndia,97,4,305,503,40357,3,2024-05-24 14:37:04,https://pbs.twimg.com/media/GOVTO8tWYAAy9GH.jpg,
1793883841448604134,"Triumphing over terrain, #VandeBharatExpress maps the contour of Monkey Hill in Bhor Ghat, Maharashtra. https://t.co/vxZSEjHEFG",https://x.com/RailMinIndia/status/1793883841448604134,tweet,Ministry of Railways,@RailMinIndia,50,4,329,696,42488,2,2024-05-24 11:26:51,https://pbs.twimg.com/media/GOUnuyiXsAAPR2y.jpg,
1793622378733305987,"Embrace sustainability by disposing of plastic waste in designated bins and contributing your bit to preservation of the environment.

#MissionLiFE #ChooseLiFE https://t.co/8Plru8Iudu",https://x.com/RailMinIndia/status/1793622378733305987,tweet,Ministry of Railways,@RailMinIndia,41,0,264,353,33925,2,2024-05-23 18:07:53,https://pbs.twimg.com/media/GOQ6CxSWUAAQ6yl.jpg,
1793548397607305553,"Delight in the picturesque beauty and sweeping panoramas of Goa as you journey across the Zuari Road and Rail Bridge. 🌉✨

📷: Saurabh https://t.co/I0dtaaJjkN",https://x.com/RailMinIndia/status/1793548397607305553,tweet,Ministry of Railways,@RailMinIndia,30,5,320,615,54034,8,2024-05-23 13:13:55,https://pbs.twimg.com/amplify_video_thumb/1793547676174155776/img/tEWfqywkeHWxnA01.jpg,https://video.twimg.com/amplify_video/1793547676174155776/vid/avc1/1280x720/N58ZU6BxIQBjqiek.mp4?tag=14
1793514195558010953,भारतीय रेल की ओर से समस्त देशवासियों को ‘बुद्ध पूर्णिमा’ के पावन अवसर पर अनंत शुभकामनाएं। https://t.co/LmbCi22TvN,https://x.com/RailMinIndia/status/1793514195558010953,tweet,Ministry of Railways,@RailMinIndia,32,2,338,727,39179,5,2024-05-23 10:58:00,https://pbs.twimg.com/media/GOPXpp_XQAA8duN.jpg,
1793272209890521113,"सुखद एवं सुविधाजनक यात्रा के लिए रेल यात्री सदैव वैध टिकट लेकर ही यात्रा करें।

#ResponsibleRailYatri https://t.co/tuM36ZE6uK",https://x.com/RailMinIndia/status/1793272209890521113,tweet,Ministry of Railways,@RailMinIndia,162,9,307,475,42277,3,2024-05-22 18:56:26,https://pbs.twimg.com/media/GOL7kOSXkAAv2lN.jpg,
1793177548698096065,"Be a #ResponsibleRailYatri, conserve energy by switching off lights and fans when not in use.

#MissionLiFE #ChooseLiFE https://t.co/b61YWH49NX",https://x.com/RailMinIndia/status/1793177548698096065,tweet,Ministry of Railways,@RailMinIndia,55,7,331,519,37038,4,2024-05-22 12:40:17,https://pbs.twimg.com/media/GOKleP1WwAAjkHC.jpg,
1793136835574792677,"This #InternationalDayForBiologicalDiversity, let's remember: our actions today shape our planet’s future. Let's unite to conserve our precious biodiversity. https://t.co/pDgpJ0wf4B",https://x.com/RailMinIndia/status/1793136835574792677,tweet,Ministry of Railways,@RailMinIndia,19,1,309,422,33247,1,2024-05-22 09:58:31,https://pbs.twimg.com/media/GOKAccEWEAA0-uM.jpg,
1792890673848340671,Test your Railway knowledge. 🤓 https://t.co/4MDdKQVGvk,https://x.com/RailMinIndia/status/1792890673848340671,tweet,Ministry of Railways,@RailMinIndia,62,4,284,423,39190,6,2024-05-21 17:40:21,https://pbs.twimg.com/ext_tw_video_thumb/1792889262808985600/pu/img/1tBbu0ALUJfxEDLP.jpg,https://video.twimg.com/ext_tw_video/1792889262808985600/pu/vid/avc1/1280x720/WJyEoez1yuJvGH_u.mp4?tag=12
1792799792206402014,"A mesmerising bird’s eye view as a train chugs along near Veer Railway Station, Maharashtra. 🛤️ https://t.co/EMlB6M1ljj",https://x.com/RailMinIndia/status/1792799792206402014,tweet,Ministry of Railways,@RailMinIndia,29,4,300,450,37492,1,2024-05-21 11:39:13,https://pbs.twimg.com/media/GOFN50paMAAODou.jpg,
1792547280815370370,"Littering on Railway premises is not cool and is punishable under the Railways Act, of 1989. Be a #ResponsibleRailYatri and throw trash in the dustbin. https://t.co/F15nfCs9hV",https://x.com/RailMinIndia/status/1792547280815370370,tweet,Ministry of Railways,@RailMinIndia,63,6,333,614,43224,6,2024-05-20 18:55:50,https://pbs.twimg.com/amplify_video_thumb/1792547218223710208/img/eU_ASKWkNPw8_gQK.jpg,https://video.twimg.com/amplify_video/1792547218223710208/vid/avc1/720x720/IqwI1pwF_mhejFtY.mp4?tag=14
1792488901430677786,"Celebrate your voting privilege by contributing to the strength of the world's biggest democracy.

#ChunavKaParv #DeshKaGarv #Elections2024 https://t.co/Rw0ZDaXEp2",https://x.com/RailMinIndia/status/1792488901430677786,tweet,Ministry of Railways,@RailMinIndia,34,1,269,369,32747,0,2024-05-20 15:03:51,https://pbs.twimg.com/media/GOAzJs8WQAA-YsQ.jpg,
1792424854563729617,महान क्रांतिकारी और स्वतंत्रता सेनानी बिपिन चंद्र पाल जी की पुण्यतिथि पर भारतीय रेल उन्हें कोटिश: नमन करती है। https://t.co/UdpLi9b1Df,https://x.com/RailMinIndia/status/1792424854563729617,tweet,Ministry of Railways,@RailMinIndia,20,1,308,545,34151,4,2024-05-20 10:49:21,https://pbs.twimg.com/media/GN_45suXQAA0cjG.jpg,
1792216856465670374,"Discover city-wise iconic spots. Experience India, the Rail Way! 🚇 https://t.co/oyClx9sxCf",https://x.com/RailMinIndia/status/1792216856465670374,tweet,Ministry of Railways,@RailMinIndia,51,1,275,386,42870,4,2024-05-19 21:02:51,https://pbs.twimg.com/amplify_video_thumb/1792216290918076416/img/N8v4YNErc2Riqgql.jpg,https://video.twimg.com/amplify_video/1792216290918076416/vid/avc1/1280x720/W921go3IR0pTZP3w.mp4?tag=14
1792109296676946363,"Enjoy ease and convenience in unreserved ticket booking with UTS app. 

Download

Playstore: https://t.co/tU157vyuTE

iOS: https://t.co/ScVyEExmjS https://t.co/ZLOJIMHqnO",https://x.com/RailMinIndia/status/1792109296676946363,tweet,Ministry of Railways,@RailMinIndia,34,3,275,365,35508,3,2024-05-19 13:55:26,https://pbs.twimg.com/media/GN7Z5vQWUAAYZs-.jpg,
1792075850097242508,"The mighty Yamuna bridge in Agra is seen from a bird's-eye view, spanning the river with the glorious Taj Mahal as its distant neighbour. https://t.co/4jHpgKiUoG",https://x.com/RailMinIndia/status/1792075850097242508,tweet,Ministry of Railways,@RailMinIndia,43,2,303,671,42892,5,2024-05-19 11:42:32,https://pbs.twimg.com/media/GN67e7xXgAACckB.jpg,
1791816318846431545,Progressing and Preserving: Various facets of Indian Railways. https://t.co/uDeVADt1Zf,https://x.com/RailMinIndia/status/1791816318846431545,tweet,Ministry of Railways,@RailMinIndia,68,2,271,352,35952,6,2024-05-18 18:31:15,https://pbs.twimg.com/ext_tw_video_thumb/1791816225871241216/pu/img/CH9YCSAndY6bix73.jpg,https://video.twimg.com/ext_tw_video/1791816225871241216/pu/vid/avc1/720x720/OvlpA3V0pUfRxtqF.mp4?tag=12
1791775806093468038,"Do it for the planet! Switch off fans and lights if not in use.
#ResponsibleRailYatri https://t.co/H0nrE444mo",https://x.com/RailMinIndia/status/1791775806093468038,tweet,Ministry of Railways,@RailMinIndia,65,1,295,510,39418,5,2024-05-18 15:50:16,https://pbs.twimg.com/ext_tw_video_thumb/1791775644554080256/pu/img/LavAz1qdHAbLCgtn.jpg,https://video.twimg.com/ext_tw_video/1791775644554080256/pu/vid/avc1/720x720/OXaKgUO-5Jm6uzFx.mp4?tag=12
1791709071935984046,"Explore, learn, and travel back in time to witness the splendour and evolution of Indian Railways’ embellished tenderly at Rail museums.

#InternationalMuseumDay https://t.co/OHVgjXnDnL",https://x.com/RailMinIndia/status/1791709071935984046,tweet,Ministry of Railways,@RailMinIndia,31,1,276,357,36124,2,2024-05-18 11:25:05,https://pbs.twimg.com/amplify_video_thumb/1791708988427444225/img/Ky2wSstadMYfhaQ6.jpg,https://video.twimg.com/amplify_video/1791708988427444225/vid/avc1/1280x720/-Nm4mxzKCcOVr-UF.mp4?tag=14
1791469056421241063,"#RailMadad, your go-to portal for Railway-related redressal and assistance while travelling.

Download
iOS: https://t.co/DPsosAjXS4
Play Store: https://t.co/SVAEPdd7Nv https://t.co/4WTjaPPJjR",https://x.com/RailMinIndia/status/1791469056421241063,tweet,Ministry of Railways,@RailMinIndia,58,5,269,326,31925,6,2024-05-17 19:31:21,https://pbs.twimg.com/media/GNyThy4XkAAZiZS.jpg,
1791431580075921887,Enjoy the glorious haven of Western Ghats with Indian Railways. https://t.co/nFvTTPSTBQ,https://x.com/RailMinIndia/status/1791431580075921887,tweet,Ministry of Railways,@RailMinIndia,40,2,310,615,37866,12,2024-05-17 17:02:26,https://pbs.twimg.com/ext_tw_video_thumb/1791430074517868544/pu/img/WcFNsXlM8Yz6Owoh.jpg,https://video.twimg.com/ext_tw_video/1791430074517868544/pu/vid/avc1/720x1280/EFwW52Epk_mzD5u3.mp4?tag=12
1791393074649665859,"Be a #ResponsibleRailYatri, be a Pro Planet Person! https://t.co/sN7iLj1Cqy",https://x.com/RailMinIndia/status/1791393074649665859,tweet,Ministry of Railways,@RailMinIndia,16,1,260,305,28723,1,2024-05-17 14:29:26,https://pbs.twimg.com/media/GNxOddAWcAAvJC0.jpg,
1791351764584648733,A picturesque tapestry of nature unfolds as a train journeys between Sindhudurg Railway Station and Kankavli Railway Station in Maharashtra. 🚆 https://t.co/JyfwfQm8Xs,https://x.com/RailMinIndia/status/1791351764584648733,tweet,Ministry of Railways,@RailMinIndia,22,1,288,551,33900,3,2024-05-17 11:45:17,https://pbs.twimg.com/media/GNwo338X0AAhAbx.jpg,
1791126729467252737,Enrich your journeys with beautiful and unique views from the Vistadome Coach. https://t.co/LtfAR3IcrI,https://x.com/RailMinIndia/status/1791126729467252737,tweet,Ministry of Railways,@RailMinIndia,18,2,256,361,32301,2,2024-05-16 20:51:04,https://pbs.twimg.com/media/GNtcQzuXsAATJ5L.jpg,
1791094658451304925,"Embrace your real strength by participating in the world's biggest democracy through voting.

#ChunavKaParv #DeshKaGarv #Elections2024 https://t.co/WJiVhY2QTF",https://x.com/RailMinIndia/status/1791094658451304925,tweet,Ministry of Railways,@RailMinIndia,16,2,235,277,26038,0,2024-05-16 18:43:38,https://pbs.twimg.com/media/GNs-5QBXUAAXwh_.jpg,
1791074758362320899,"Majestic and Marvellous!

#VandeBharat https://t.co/LJwwstgGSP",https://x.com/RailMinIndia/status/1791074758362320899,tweet,Ministry of Railways,@RailMinIndia,150,10,326,1218,65150,5,2024-05-16 17:24:33,https://pbs.twimg.com/amplify_video_thumb/1791074694860349440/img/JKjz0Eo_KJ6fpz7c.jpg,https://video.twimg.com/amplify_video/1791074694860349440/vid/avc1/720x1280/WTh4QEhr41iD94Xe.mp4?tag=14
1791014467427573811,"Smoking on Railway premises is a punishable offence. Let’s be responsible and respectful towards our fellow passengers. 

#ResponsibleRailYatri https://t.co/u5sahtADlY",https://x.com/RailMinIndia/status/1791014467427573811,tweet,Ministry of Railways,@RailMinIndia,36,0,267,379,30024,1,2024-05-16 13:24:59,https://pbs.twimg.com/media/GNr2KBRWgAAE5rx.jpg,
1790961600909971546,"Progressing along its track near Shiroor Railway Station, Karnataka, a MEMU train cleaves through the monotony of a verdant emerald expanse. https://t.co/f7ncfs6o92",https://x.com/RailMinIndia/status/1790961600909971546,tweet,Ministry of Railways,@RailMinIndia,31,0,286,651,40638,4,2024-05-16 09:54:54,https://pbs.twimg.com/media/GNrGE6_XkAATk0G.jpg,
1790753519047192641,Journey through nature’s splendid sights with Indian Railways. https://t.co/RNtJ6VcXU5,https://x.com/RailMinIndia/status/1790753519047192641,tweet,Ministry of Railways,@RailMinIndia,39,3,301,666,42424,9,2024-05-15 20:08:04,https://pbs.twimg.com/media/GNoJLV4WsAAbzPt.jpg,https://video.twimg.com/ext_tw_video/1790753268777340928/pu/vid/avc1/720x1280/K6g4EZyI-rBcrdhm.mp4?tag=12
1790689836938268841,"#KnowYourRailways🤓

Let’s find out how the innovative Head On Generation (HOG) technology is making train journeys efficient &amp; eco-friendly. https://t.co/7WOMixCzPW",https://x.com/RailMinIndia/status/1790689836938268841,tweet,Ministry of Railways,@RailMinIndia,28,4,277,483,37439,8,2024-05-15 15:55:01,"https://pbs.twimg.com/media/GNnO6VBW0AARHSK.jpg,https://pbs.twimg.com/media/GNnO6VEWwAAfXfk.jpg",
1790654898809278701,"जिम्मेदार रेल यात्री बनें बिना वजह चलती गाड़ी में अलार्म चेन ना खींचें, ऐसा करना दण्डनीय अपराध है। https://t.co/lmb0JylVrX",https://x.com/RailMinIndia/status/1790654898809278701,tweet,Ministry of Railways,@RailMinIndia,50,3,261,476,38171,1,2024-05-15 13:36:11,https://pbs.twimg.com/media/GNmvF4nXAAEU2pc.jpg,
1790621709877539275,Swift &amp; Smart! Travel with Indian Railways. https://t.co/KPqbhFtE95,https://x.com/RailMinIndia/status/1790621709877539275,tweet,Ministry of Railways,@RailMinIndia,72,7,294,603,485435,19,2024-05-15 11:24:18,"https://pbs.twimg.com/media/GNmQ8xeWwAALOLa.jpg,https://pbs.twimg.com/media/GNmQ8xeWAAE3lzg.jpg,https://pbs.twimg.com/media/GNmQ8xYXgAA5xP7.jpg,https://pbs.twimg.com/media/GNmQ8xfXUAAK5Pg.jpg",
1790424310466609368,"Did you know that even a small change in your AC setting can make a big difference in energy consumption? ⚡

#ChooseLiFE #MissionLiFE https://t.co/MU7tjDsdz9",https://x.com/RailMinIndia/status/1790424310466609368,tweet,Ministry of Railways,@RailMinIndia,48,4,254,374,42261,5,2024-05-14 22:19:54,https://pbs.twimg.com/media/GNjdao8XAAA0H4k.jpg,
1790336698653819378,Explore a heaven suffused in the meadows of Kashmir with Indian Railways. https://t.co/ZJMDg75tOt,https://x.com/RailMinIndia/status/1790336698653819378,tweet,Ministry of Railways,@RailMinIndia,46,7,352,888,58480,15,2024-05-14 16:31:46,https://pbs.twimg.com/media/GNiPUzqW8AA2uH_.jpg,https://video.twimg.com/amplify_video/1790336630756155392/vid/avc1/720x1280/LuLo8h9T3HPkeBy0.mp4?tag=14
1790285164159045664,"Travel responsibly! don't pull the alarm chain in mischief.

#ResponsibleRailYatri https://t.co/McXtFp9EBP",https://x.com/RailMinIndia/status/1790285164159045664,tweet,Ministry of Railways,@RailMinIndia,35,5,264,406,37557,3,2024-05-14 13:06:59,https://pbs.twimg.com/media/GNhe3UlXgAAPwZX.jpg,
1790235932614082840,A two-tone symphony of land and water coalesces with a Rail bridge stretching across the Mahanadi River in Odisha. https://t.co/ybVss0vbEX,https://x.com/RailMinIndia/status/1790235932614082840,tweet,Ministry of Railways,@RailMinIndia,15,2,275,654,46444,5,2024-05-14 09:51:21,https://pbs.twimg.com/media/GNgyFmQXEAA6Emy.jpg,
1789987768296181928,"Dial 139 and make your Rail travel a seamless and smooth experience with the #RailMadad App. 

Download

iOS: https://t.co/DPsosAjXS4

Playstore: https://t.co/AGIFHWdCVI https://t.co/A18O0aLJOg",https://x.com/RailMinIndia/status/1789987768296181928,tweet,Ministry of Railways,@RailMinIndia,63,3,265,368,33679,5,2024-05-13 17:25:14,https://pbs.twimg.com/media/GNdQYobWYAM2wac.jpg,
1789946593950462381,A handful of measures go a long way. Passengers are requested to be #ResponsibleRailYatri near and at Rail premises. https://t.co/xOxBNZYowx,https://x.com/RailMinIndia/status/1789946593950462381,tweet,Ministry of Railways,@RailMinIndia,55,1,267,387,42376,4,2024-05-13 14:41:38,https://pbs.twimg.com/media/GNcquQhXAAA0jAw.jpg,
1789879138024653240,"Sporting a mystic elegance, a stream makes its way through valleys clad in green near Kalyan-Igatpuri Rail section, Maharashtra. https://t.co/aVWcvfZ8fb",https://x.com/RailMinIndia/status/1789879138024653240,tweet,Ministry of Railways,@RailMinIndia,13,0,279,550,53438,2,2024-05-13 10:13:35,https://pbs.twimg.com/media/GNbtle4XQAAjsa3.jpg,
1789650008343519665,Experience breathtaking views in the lap of nature with Vistadome Coaches. 🛤️ https://t.co/igMljsiMjn,https://x.com/RailMinIndia/status/1789650008343519665,tweet,Ministry of Railways,@RailMinIndia,37,1,264,403,39948,7,2024-05-12 19:03:06,https://pbs.twimg.com/media/GNcgmn9XoAE11tU.jpg,https://video.twimg.com/amplify_video/1789649841183752193/vid/avc1/720x720/6CERUhBMv473avC3.mp4?tag=14
1789570612811145485,"#KnowYourRailways

Let’s find out about the classification of several gauges in Indian Railways. https://t.co/v2p6yQD0FR",https://x.com/RailMinIndia/status/1789570612811145485,tweet,Ministry of Railways,@RailMinIndia,27,5,274,479,55697,12,2024-05-12 13:47:37,"https://pbs.twimg.com/media/GNXU-2AWkAAu1B6.jpg,https://pbs.twimg.com/media/GNXU-14WQAA1p9R.jpg,https://pbs.twimg.com/media/GNXU-2AXMAIrnAi.jpg",
1789519539031712052,"This #MothersDay, let’s cherish and appreciate the efforts of women who play an extraordinary role in raising us and shaping our future. https://t.co/VlawQfpbFo",https://x.com/RailMinIndia/status/1789519539031712052,tweet,Ministry of Railways,@RailMinIndia,51,5,273,463,45888,0,2024-05-12 10:24:40,https://pbs.twimg.com/media/GNWmiCdWYAA91bS.jpg,
1789253143349317916,@PIB_India @AshwiniVaishnaw @mygovindia https://t.co/CPMdzOV5MB,https://x.com/RailMinIndia/status/1789253143349317916,tweet,Ministry of Railways,@RailMinIndia,27,5,241,426,260228,2,2024-05-11 16:46:06,https://pbs.twimg.com/media/GNS0PPXX0AA5HCX.jpg,
1789253016987582902,"Follow these handy travel hacks and make your next trip a little easier! 🧳🚉

#ResponsibleRailYatri https://t.co/saT2wcU3se",https://x.com/RailMinIndia/status/1789253016987582902,tweet,Ministry of Railways,@RailMinIndia,44,5,254,333,43607,5,2024-05-11 16:45:36,"https://pbs.twimg.com/media/GNSz1THXQAEGVaZ.jpg,https://pbs.twimg.com/media/GNSzsNEWwAAwcCr.jpg,https://pbs.twimg.com/media/GNSztflW8AAZZ_F.jpg,https://pbs.twimg.com/media/GNSzzYfWwAAm7nP.jpg",
1789209985596957103,"Prepare ahead of your Rail journey with the UTS App to book unreserved train tickets hassle-free.

Download

Playstore: https://t.co/tU157vxX46

iOS: https://t.co/ScVyEEwOuk https://t.co/mwcjDb6CYO",https://x.com/RailMinIndia/status/1789209985596957103,tweet,Ministry of Railways,@RailMinIndia,19,3,230,276,31361,5,2024-05-11 13:54:37,https://pbs.twimg.com/media/GNSM_k5XAAAA435.jpg,
1789148020648378696,"Innovation and Technology Powering the Lifeline of our Nation. 

#NationalTechnologyDay https://t.co/aRLaAUhiOv",https://x.com/RailMinIndia/status/1789148020648378696,tweet,Ministry of Railways,@RailMinIndia,46,6,280,411,46896,9,2024-05-11 09:48:23,https://pbs.twimg.com/media/GNRw-zSWsAANkgE.jpg,https://video.twimg.com/amplify_video/1789147923944456192/vid/avc1/1280x720/ButnsTEndhpP_7Jq.mp4?tag=14
1788943573523525795,Indian Railways: Evolving For The Future. https://t.co/yIUq7WaZag,https://x.com/RailMinIndia/status/1788943573523525795,tweet,Ministry of Railways,@RailMinIndia,952,198,1397,12580,1028878,262,2024-05-10 20:15:59,https://pbs.twimg.com/ext_tw_video_thumb/1788943392136704000/pu/img/YYC2IT_VXHtc8l2d.jpg,https://video.twimg.com/ext_tw_video/1788943392136704000/pu/vid/avc1/720x1280/mbOAh8hdbi8poyGY.mp4?tag=12
1788918815411114028,"Do you have what it takes to be a Smart Voter? 🧐
#ChunavKaParv #DeshKaGarv #Elections2024 https://t.co/yJts4nbwKb",https://x.com/RailMinIndia/status/1788918815411114028,tweet,Ministry of Railways,@RailMinIndia,26,2,233,303,31835,4,2024-05-10 18:37:36,https://pbs.twimg.com/media/GNOEG1aXEAAnEQR.jpg,
1788857579663155629,"Train journeys have never been easier! Dial 139 for assured #RailMadad.

Download

iOS: https://t.co/DPsosAjXS4

Playstore: https://t.co/AGIFHWdCVI https://t.co/xuzcSCXiUA",https://x.com/RailMinIndia/status/1788857579663155629,tweet,Ministry of Railways,@RailMinIndia,39,2,250,304,31780,3,2024-05-10 14:34:17,https://pbs.twimg.com/media/GNNMeweWYAA4dxx.jpg,
1788785763070423322,भारतीय रेल की ओर से समस्त देशवासियों को पावन पर्व अक्षय तृतीया की हार्दिक शुभकामनाएं। https://t.co/Dc9ToN7bJC,https://x.com/RailMinIndia/status/1788785763070423322,tweet,Ministry of Railways,@RailMinIndia,30,2,286,581,35172,1,2024-05-10 09:48:54,https://pbs.twimg.com/media/GNMLKpXXcAEZg18.jpg,
1788588629692227855,"रेल यात्रा के दौरान सावधान रहें, चलती ट्रेन में चढ़ना/उतरना जानलेवा हो सकता है।

#ResponsibleRailYatri https://t.co/NOxFuezOHT",https://x.com/RailMinIndia/status/1788588629692227855,tweet,Ministry of Railways,@RailMinIndia,57,8,306,564,46238,2,2024-05-09 20:45:34,https://pbs.twimg.com/media/GNJX31XWkAEFrIg.jpg,
1788510929203937651,"#VandeBharat - A Marvel ✨

A journey so delightful that you can't help but click pictures! https://t.co/ugemn9Elg9",https://x.com/RailMinIndia/status/1788510929203937651,tweet,Ministry of Railways,@RailMinIndia,121,10,370,1026,64824,12,2024-05-09 15:36:49,https://pbs.twimg.com/amplify_video_thumb/1788510792515481600/img/PjStfD81QOz8mxm7.jpg,https://video.twimg.com/amplify_video/1788510792515481600/vid/avc1/720x1280/vKXLoCMPKl08hCke.mp4?tag=14
1788460714929291320,भारत माता के वीर सपूत महाराणा प्रताप जी की जयंती पर भारतीय रेल उन्हें कोटि-कोटि नमन करती है। https://t.co/NVZuaA1nmL,https://x.com/RailMinIndia/status/1788460714929291320,tweet,Ministry of Railways,@RailMinIndia,26,2,329,734,38217,4,2024-05-09 12:17:17,https://pbs.twimg.com/media/GNHjiVdXEAAJTml.jpg,
1788227668934074446,Entry to the platform without a valid platform/travelling ticket is prohibited under Section 55(1) of the Railways Act of 1989 if you are not a bonafide passenger. https://t.co/RYd0aClO9r,https://x.com/RailMinIndia/status/1788227668934074446,tweet,Ministry of Railways,@RailMinIndia,62,1,281,382,36561,4,2024-05-08 20:51:14,https://pbs.twimg.com/media/GNEPlRnWIAEhqjt.jpg,
1788168217216921679,Don’t travel without ticket #ResponsibleRailYatri https://t.co/8tMNIZShPu,https://x.com/RailMinIndia/status/1788168217216921679,tweet,Ministry of Railways,@RailMinIndia,528,106,677,6559,353409,102,2024-05-08 16:55:00,https://pbs.twimg.com/media/GNDPawjWwAAMVH0.jpg,
1788130175105773713,जिम्मेदार रेलयात्री बनें। प्लेटफार्म पर पीली रेखा के पीछे रहें। चलती ट्रेन में उतरने व चढ़ने का प्रयास ना करें। https://t.co/ebW9WTdGvP,https://x.com/RailMinIndia/status/1788130175105773713,tweet,Ministry of Railways,@RailMinIndia,111,12,575,2243,153345,29,2024-05-08 14:23:50,https://pbs.twimg.com/ext_tw_video_thumb/1788130003483230209/pu/img/YDVBRsAu7-LHlwCe.jpg,https://video.twimg.com/ext_tw_video/1788130003483230209/pu/vid/avc1/720x720/E8ncCvFdh-6n53J6.mp4?tag=12
1788094107794952682,"Observing #WorldRedCrossDay, Indian Railways celebrates the global humanitarian network of the Red Cross and Red Crescent Societies for providing assistance in times of crisis. https://t.co/8WivfG5QOE",https://x.com/RailMinIndia/status/1788094107794952682,tweet,Ministry of Railways,@RailMinIndia,11,0,250,337,29209,4,2024-05-08 12:00:31,https://pbs.twimg.com/media/GNCWCz6XQAAm-n_.jpg,
1788074545469161513,"सेवानिवृत स्टेशन अधीक्षक श्री गट्टूभाई एन व्यास हैं लोकतंत्र के सजग प्रहरी, जिन्होंने 101 वर्ष की उम्र में अपने मताधिकार का उपयोग किया। 

आप भी निभाएं जिम्मेदारी
मतदान करने जरूर जाएं! 🗳️

#ChunavKaParv #DeshKaGarv #Elections2024 https://t.co/J8yHQB6tGq",https://x.com/RailMinIndia/status/1788074545469161513,tweet,Ministry of Railways,@RailMinIndia,46,5,407,1769,402917,12,2024-05-08 10:42:47,https://pbs.twimg.com/media/GNCEUWpXYAARnAK.jpg,
1788057199173869884,"महान दार्शनिक, साहित्यकार, राष्ट्रगान के रचयिता और नोबेल पुरस्कार विजेता गुरुदेव रवींद्रनाथ टैगोर जी की जयंती पर भारतीय रेल उन्हें कोटिश: नमन करती है। https://t.co/a8gOQ0krKB",https://x.com/RailMinIndia/status/1788057199173869884,tweet,Ministry of Railways,@RailMinIndia,22,1,272,530,35215,1,2024-05-08 09:33:51,https://pbs.twimg.com/media/GNB0imSXAAA92E3.jpg,
1787892397130600495,"Let's take a green step to save the blue!

Pay close attention to mindful water consumption and make sure to turn off taps when not in use.
#MissionLiFE #ChooseLiFE https://t.co/Qdlpx2r9ty",https://x.com/RailMinIndia/status/1787892397130600495,tweet,Ministry of Railways,@RailMinIndia,26,1,245,350,34990,2,2024-05-07 22:38:59,https://pbs.twimg.com/media/GM_ep87XIAEFH4d.jpg,
1787840178112860560,"Address your travel-related queries on the RailMadad helpline number 139.

Download

iOS: https://t.co/DPsosAjXS4

Playstore: https://t.co/AGIFHWdCVI https://t.co/JtshguM5P2",https://x.com/RailMinIndia/status/1787840178112860560,tweet,Ministry of Railways,@RailMinIndia,29,3,240,301,31125,4,2024-05-07 19:11:29,https://pbs.twimg.com/media/GM-vKR_XwAAE8-3.jpg,
1787809695174160429,"Exercise your voting power and participate in the democratic process.

#ChunavKaParv #DeshKaGarv #Elections2024 https://t.co/BmFQlKNetQ",https://x.com/RailMinIndia/status/1787809695174160429,tweet,Ministry of Railways,@RailMinIndia,28,4,252,373,35367,2,2024-05-07 17:10:21,https://pbs.twimg.com/media/GM-Tb2eXYAA_nEi.jpg,
1787725941126443472,"Gleaming on a bright sunny day, the Ranchi-Varanasi #VandeBharat Express journeying between Ranchi and Muri through the foliage of greensward. https://t.co/DR55QmfesW",https://x.com/RailMinIndia/status/1787725941126443472,tweet,Ministry of Railways,@RailMinIndia,36,2,329,885,51901,11,2024-05-07 11:37:33,https://pbs.twimg.com/media/GM9HQkdXMAAolOj.jpg,
1787509316477432161,"Noise serves none! 

Use headphones on train journeys to ensure a pleasant ride for you and fellow passengers.

#ResponsibleRailYatri https://t.co/V8CKweEzrP",https://x.com/RailMinIndia/status/1787509316477432161,tweet,Ministry of Railways,@RailMinIndia,41,6,272,424,40954,1,2024-05-06 21:16:46,https://pbs.twimg.com/media/GM6CPspXYAIyokO.jpg,
1787402871069376737,"A freight train passes by the expansive stillness of a lake near Karmali Station, Goa fringed with green wilderness. https://t.co/7rzx6NBB7l",https://x.com/RailMinIndia/status/1787402871069376737,tweet,Ministry of Railways,@RailMinIndia,32,3,281,619,53037,3,2024-05-06 14:13:47,https://pbs.twimg.com/media/GM4hbsjXgAAzpF-.jpg,
1787106407134986544,Indian Railways facilitating swift and reliable transportation of automobiles. https://t.co/LKqzT1C96E,https://x.com/RailMinIndia/status/1787106407134986544,tweet,Ministry of Railways,@RailMinIndia,98,8,439,1837,117376,33,2024-05-05 18:35:44,https://pbs.twimg.com/media/GNR0KLqWIAAB8ft.jpg,https://video.twimg.com/amplify_video/1787106165802803201/vid/avc1/720x1280/6ITpO2JtDG1c2ra_.mp4?tag=14
1787044864485433420,Be a #ResponsibleRailYatri and do not put yours or others lives at risk by carrying inflammables while travelling. https://t.co/7YMA9YAUlp,https://x.com/RailMinIndia/status/1787044864485433420,tweet,Ministry of Railways,@RailMinIndia,51,1,283,447,45168,2,2024-05-05 14:31:12,https://pbs.twimg.com/media/GMzb1DVXkAAKZnF.jpg,
1786956196664017177,"Endowed with precision, the Naranarayan setu in Jogighopa, Assam, forbearingly awaits the arrival of trains across tranquil waters. https://t.co/Kzj7UXCqgB",https://x.com/RailMinIndia/status/1786956196664017177,tweet,Ministry of Railways,@RailMinIndia,35,3,342,1031,68942,7,2024-05-05 08:38:51,https://pbs.twimg.com/media/GMyLLymXsAAtstp.jpg,
1786703304870732037,"Safety first! 

Make sure to stand behind the yellow line while waiting for the train to arrive.

#ResponsibleRailYatri https://t.co/kcyWBc3Ymm",https://x.com/RailMinIndia/status/1786703304870732037,tweet,Ministry of Railways,@RailMinIndia,75,3,311,665,52430,4,2024-05-04 15:53:57,https://pbs.twimg.com/media/GMulLmoXcAAOpju.jpg,
1786647277731266745,"Observing #InternationalFirefightersDay, Indian Railways acknowledges the invaluable service and unwavering dedication of brave firefighters worldwide. https://t.co/I2Qx2bRfZ1",https://x.com/RailMinIndia/status/1786647277731266745,tweet,Ministry of Railways,@RailMinIndia,17,2,260,449,37828,3,2024-05-04 12:11:19,https://pbs.twimg.com/media/GMtyObEWAAAKbvN.jpg,
1786411418105139500,"Keep e-waste at bay! 🚮❌
Repair and reuse electronic devices. ♻️✅

#ChooseLiFE #MissionLiFE https://t.co/wcJXx7jz2D",https://x.com/RailMinIndia/status/1786411418105139500,tweet,Ministry of Railways,@RailMinIndia,26,1,252,329,35886,2,2024-05-03 20:34:06,https://pbs.twimg.com/media/GMqboXpX0AA5Icm.jpg,
1786370328173658194,"Konkan Railways: Charming, Picturesque and Mystical! ✨ https://t.co/6UiRHf9N8P",https://x.com/RailMinIndia/status/1786370328173658194,tweet,Ministry of Railways,@RailMinIndia,25,3,258,340,35806,1,2024-05-03 17:50:50,https://pbs.twimg.com/ext_tw_video_thumb/1786369900195250176/pu/img/3cwYiBrb76COKmPR.jpg,https://video.twimg.com/ext_tw_video/1786369900195250176/pu/vid/avc1/720x720/Fd_v6QivY5iV6nIb.mp4?tag=12
1786315554644459562,"24*7 passenger assistance system! 
The #RailMadad app is a round-the-clock platform dedicated to providing integrated solutions to passengers.

Download
iOS: https://t.co/DPsosAjXS4
Playstore: https://t.co/AGIFHWdCVI https://t.co/ZVhNx53pEK",https://x.com/RailMinIndia/status/1786315554644459562,tweet,Ministry of Railways,@RailMinIndia,51,2,275,343,36630,7,2024-05-03 14:13:11,https://pbs.twimg.com/media/GMpEcPSXEAA_XdH.jpg,
1786279876367925322,"On a bare and tranquil morning, Rail bridge over Teesta river in Jalpaiguri, West Bengal blends with the stillness of the waters. https://t.co/uqaCnKRcs8",https://x.com/RailMinIndia/status/1786279876367925322,tweet,Ministry of Railways,@RailMinIndia,25,2,304,764,48651,4,2024-05-03 11:51:24,https://pbs.twimg.com/media/GMojCVWWEAAKoqb.jpg,
1786036387159900263,"मजबूत लोकतंत्र में आप भी अपनी जिम्मेदारी निभाएं। मताधिकार का प्रयोग कर देश की लोकतांत्रिक व्यवस्था को और मजबूत बनाएं।

#ChunavKaParv #DeshKaGarv #Elections2024 https://t.co/scwjguLu1D",https://x.com/RailMinIndia/status/1786036387159900263,tweet,Ministry of Railways,@RailMinIndia,38,0,264,414,37007,2,2024-05-02 19:43:52,https://pbs.twimg.com/media/GMlGfb4WkAAJ15x.jpg,
1785954768860442661,"अनारक्षित रेल टिकट खरीदने के लिए UTS ऐप का उपयोग करें और टिकट खिड़की पर लाइन में खड़े होने से बचें।

Download

Playstore: https://t.co/tU157vxX46

iOS: https://t.co/ScVyEEwOuk https://t.co/NdFwNr34MY",https://x.com/RailMinIndia/status/1785954768860442661,tweet,Ministry of Railways,@RailMinIndia,71,6,297,444,45844,14,2024-05-02 14:19:32,https://pbs.twimg.com/media/GMj8VU0XQAAkVKx.jpg,
1785914089077944432,"The Surajpur-Boridand Rail Line meanders along a hill's edge, peacefully surrounded by lush greenery. https://t.co/4yhv2wlexb",https://x.com/RailMinIndia/status/1785914089077944432,tweet,Ministry of Railways,@RailMinIndia,24,2,279,711,50246,7,2024-05-02 11:37:54,https://pbs.twimg.com/media/GMjXYgwbYAABtlN.jpg,
1785692224698900814,"Ensure redressal of your problems while travelling with Indian Railways, just dial 139 for #RailMadad. https://t.co/e0YSdjWuR9",https://x.com/RailMinIndia/status/1785692224698900814,tweet,Ministry of Railways,@RailMinIndia,78,3,272,470,46869,13,2024-05-01 20:56:17,https://pbs.twimg.com/media/GMgNmxza4AASVPR.jpg,
1785560606143111364,"Indian Railways is embracing a sustainable future on its stride towards #MissionLiFE. 🌿
#ChooseLiFE https://t.co/EELM2SfpLT",https://x.com/RailMinIndia/status/1785560606143111364,tweet,Ministry of Railways,@RailMinIndia,46,1,266,468,44805,7,2024-05-01 12:13:17,"https://pbs.twimg.com/media/GMeU3iHXMAASs9m.jpg,https://pbs.twimg.com/media/GMeUyMvWkAAYsI1.jpg,https://pbs.twimg.com/media/GMeUzauXAAAtCGA.jpg,https://pbs.twimg.com/media/GMeU0R2XkAEJA2e.jpg",
1785504423411880321,"Celebrating the contribution of all workers and employees that make Indian Railways a safe and convenient mode of transportation. 
#LabourDay https://t.co/7zbB3KnGrt",https://x.com/RailMinIndia/status/1785504423411880321,tweet,Ministry of Railways,@RailMinIndia,61,5,345,755,60516,6,2024-05-01 08:30:02,https://pbs.twimg.com/media/GMauIyeX0AAxt84.jpg,
1785234929262965219,"जिम्मेदार रेल यात्री बनें!
यात्रा के दौरान ज्वलनशील पदार्थ साथ लेकर यात्रा न करें।
#ResponsibleRailYatri https://t.co/aZ1JB000Ne",https://x.com/RailMinIndia/status/1785234929262965219,tweet,Ministry of Railways,@RailMinIndia,82,6,295,524,42504,3,2024-04-30 14:39:09,https://pbs.twimg.com/media/GMZtoD_XsAAPhhy.jpg,
1785184610600759446,हिंदी सिनेमा जगत को दुनिया भर में अद्वितीय पहचान दिलाने वाले महान फिल्म निर्माता-निर्देशक एवं पटकथा लेखक दादा साहेब फाल्के जी की जयंती पर भारतीय रेल की ओर से उन्हें शत्-शत् नमन। https://t.co/mhgRCitcbK,https://x.com/RailMinIndia/status/1785184610600759446,tweet,Ministry of Railways,@RailMinIndia,18,1,269,482,35372,0,2024-04-30 11:19:12,https://pbs.twimg.com/media/GMY_8BjbEAELg6w.jpg,
1784917442248012034,Be a #ResponsibleRailYatri and don’t board or deboard a moving train https://t.co/y6yXox35IE,https://x.com/RailMinIndia/status/1784917442248012034,tweet,Ministry of Railways,@RailMinIndia,44,5,260,410,41116,3,2024-04-29 17:37:35,https://pbs.twimg.com/media/GMVM59qWYAA_4iG.jpg,
1784852935098200381,Be patient and don’t cross while the Level Crossing Gates are closed. Doing so is a punishable offence under Railway Act. https://t.co/G3H77MosE2,https://x.com/RailMinIndia/status/1784852935098200381,tweet,Ministry of Railways,@RailMinIndia,16,1,267,440,43458,2,2024-04-29 13:21:15,"https://pbs.twimg.com/media/GMUR9HlXcAAj25r.jpg,https://pbs.twimg.com/media/GMUR_7WXQAAf-ff.jpg,https://pbs.twimg.com/media/GMUSCC8W4AALRW2.jpg,https://pbs.twimg.com/media/GMUSEMiXkAE2wdl.jpg",
1784797473661206819,"Observing #InternationalDanceDay, Indian Railways recognises the varied genres of dance as a discipline and honours the artists affiliated with this realm of art. https://t.co/RV3tsOMWgm",https://x.com/RailMinIndia/status/1784797473661206819,tweet,Ministry of Railways,@RailMinIndia,16,0,263,393,37027,1,2024-04-29 09:40:52,https://pbs.twimg.com/media/GMTf1meW4AAs8Mc.jpg,
1784536542473797944,"An amity of slopes and idyllic farmland sets the stage for the sleek #VandeBharatExpress as it glides along the tracks in Thrissur, Kerala. https://t.co/99Xicw7W5V",https://x.com/RailMinIndia/status/1784536542473797944,tweet,Ministry of Railways,@RailMinIndia,54,7,354,1171,66935,25,2024-04-28 16:24:01,https://pbs.twimg.com/media/GNs8Q3JXYAAzg7y.jpg,https://video.twimg.com/amplify_video/1784536367839764480/vid/avc1/720x1280/oupeC5dqI2TbHM-V.mp4?tag=14
1784417257906483387,"On #WorldDayforSafetyAndHealthAtWork, Indian Railways reaffirms its commitment to the well-being of every worker, ensuring a secure and healthy environment to thrive in. https://t.co/kp6t7OWyVq",https://x.com/RailMinIndia/status/1784417257906483387,tweet,Ministry of Railways,@RailMinIndia,26,1,265,410,45543,3,2024-04-28 08:30:01,https://pbs.twimg.com/media/GMLQvqMWoAARkqK.jpg,
1784218947086155868,"Aboard Vistadome Coaches, nature comes to life. https://t.co/Cie4k0lCXJ",https://x.com/RailMinIndia/status/1784218947086155868,tweet,Ministry of Railways,@RailMinIndia,88,6,317,826,60426,9,2024-04-27 19:22:00,https://pbs.twimg.com/media/GMLR9Y3XUAEpP4s.jpg,https://video.twimg.com/ext_tw_video/1784218846032760832/pu/vid/avc1/720x1280/0oy1r_WDcRLLXh2W.mp4?tag=12
1784173783483400522,"Best out of waste! 🔄
Composting leftover food is an easy and effective way to help combat climate change. 

#MissionLiFE #ChooseLiFE https://t.co/X4Ood3f2qm",https://x.com/RailMinIndia/status/1784173783483400522,tweet,Ministry of Railways,@RailMinIndia,29,0,242,326,37645,2,2024-04-27 16:22:32,https://pbs.twimg.com/media/GMKohqDWAAAhVOe.jpg,
1784104261858857470,"Bidding adieu to the amber sky, a train graces forward on its way towards Kansudhi Railway Station, Gujarat. https://t.co/QvbdLsRQi0",https://x.com/RailMinIndia/status/1784104261858857470,tweet,Ministry of Railways,@RailMinIndia,36,2,312,955,56686,6,2024-04-27 11:46:17,https://pbs.twimg.com/media/GMJpXb-aoAAMGhF.jpg,
1783821665606000796,"Let’s follow some mindful travel tips.

Please avoid littering, smoking, or spitting on Railway premises. Ensure a joyful and comfortable journey for all. https://t.co/ZrTn8UrN4I",https://x.com/RailMinIndia/status/1783821665606000796,tweet,Ministry of Railways,@RailMinIndia,26,3,241,299,34520,3,2024-04-26 17:03:21,https://pbs.twimg.com/media/GMFoRoLWEAEYQLF.jpg,
1783788101057269942,A Spectacle of Railway Bridges Connecting the Nation. https://t.co/qkHNklspVi,https://x.com/RailMinIndia/status/1783788101057269942,tweet,Ministry of Railways,@RailMinIndia,63,5,393,1284,78167,23,2024-04-26 14:49:59,https://pbs.twimg.com/ext_tw_video_thumb/1783787883729494016/pu/img/mD6nFUDsV0uZ-MR2.jpg,https://video.twimg.com/ext_tw_video/1783787883729494016/pu/vid/avc1/720x1280/S_txFIpRPUYtt6im.mp4?tag=12
1783692489053950438,विश्व प्रसिद्ध भारतीय गणितज्ञ श्रीनिवास रामानुजन जी की पुण्यतिथि पर भारतीय रेल की ओर से उन्हें कोटिशः नमन। https://t.co/wLZbCmaCUD,https://x.com/RailMinIndia/status/1783692489053950438,tweet,Ministry of Railways,@RailMinIndia,36,2,337,910,50274,4,2024-04-26 08:30:03,https://pbs.twimg.com/media/GMA4VtfWsAAH7yn.jpg,
1783496020640334262,"Make your vote your strength, upholding the primary foundation of democracy.

#ChunavKaParv #DeshKaGarv #Elections2024 https://t.co/whCSVougf6",https://x.com/RailMinIndia/status/1783496020640334262,tweet,Ministry of Railways,@RailMinIndia,44,1,279,405,37205,5,2024-04-25 19:29:21,https://pbs.twimg.com/media/GMBAADsWcAALhLP.jpg,
1783443827795096038,"#KnowYourRailways 🤓

Let's find out how integrating technology like ATVMs can simplify the process of buying tickets before starting your journey. https://t.co/b3bwcEurzt",https://x.com/RailMinIndia/status/1783443827795096038,tweet,Ministry of Railways,@RailMinIndia,82,3,275,399,262914,11,2024-04-25 16:01:57,"https://pbs.twimg.com/media/GMAQSGFXcAAOR5Y.jpg,https://pbs.twimg.com/media/GMAQUBnWoAE9DOc.jpg,https://pbs.twimg.com/media/GMAQj6wWIAARRq0.jpg",
1783403268862833039,"Quick, Convenient, Powerful! 

Get your freight transported with the Truck on Trains (ToT) service and avail economical, fuel-efficient and last mile freight delivery. https://t.co/HMQbZDqF1v",https://x.com/RailMinIndia/status/1783403268862833039,tweet,Ministry of Railways,@RailMinIndia,35,4,275,496,39686,7,2024-04-25 13:20:47,https://pbs.twimg.com/media/GMEnU-dXYAA2bJf.jpg,https://video.twimg.com/ext_tw_video/1783403104148287488/pu/vid/avc1/720x720/-aiKlhxruJQE-o-9.mp4?tag=12
1783380915332292834,"This #WorldMalariaDay, Indian Railways urges everyone to take measures to prevent Malaria and join the fight against the disease. https://t.co/8CC6yt13nS",https://x.com/RailMinIndia/status/1783380915332292834,tweet,Ministry of Railways,@RailMinIndia,21,3,243,335,30894,2,2024-04-25 11:51:58,https://pbs.twimg.com/media/GL_XWFYWYAA27vG.jpg,
1783081248425976253,"Rail Passenger: Who can dial 139 ?
Railways: Look at your keyboard between Y and I.",https://x.com/RailMinIndia/status/1783081248425976253,tweet,Ministry of Railways,@RailMinIndia,41,6,88,153,26214,3,2024-04-24 16:01:12,,
1783065807842590756,"Mind your selfie! 🤳🏻⚠️
Clicking pictures on Railway tracks may put your life at risk. 
#ResponsibleRailYatri https://t.co/tmAA12IeOT",https://x.com/RailMinIndia/status/1783065807842590756,tweet,Ministry of Railways,@RailMinIndia,29,2,270,415,32959,4,2024-04-24 14:59:51,https://pbs.twimg.com/media/GL641zOaAAA1FN1.jpg,
1783038351727067557,"Jharkhand's Chakradharpur station shines clean and pristine, reflecting Railways commitment to cleanliness and hygiene. https://t.co/Bdz5MatUbS",https://x.com/RailMinIndia/status/1783038351727067557,tweet,Ministry of Railways,@RailMinIndia,77,9,277,1055,66458,7,2024-04-24 13:10:44,"https://pbs.twimg.com/media/GL6f3xPW4AATo9Z.jpg,https://pbs.twimg.com/media/GL6f3xJXUAAGCSE.jpg",
1783022390714433854,"On this day in 1993, 73rd Amendment Act, 1992 of the Constitution came into effect, aiming to strengthen national local self-governance to foster a self-reliant rural India. https://t.co/4xzKoxsZwf",https://x.com/RailMinIndia/status/1783022390714433854,tweet,Ministry of Railways,@RailMinIndia,15,1,247,371,28494,0,2024-04-24 12:07:19,https://pbs.twimg.com/media/GL6Q6kOacAA4Ndf.jpg,
1782986433554251986,राष्ट्रकवि रामधारी सिंह दिनकर जी की पुण्यतिथि पर भारतीय रेल की ओर से उन्हें भावभीनी श्रद्धांजलि। https://t.co/nGcrQ1bZO7,https://x.com/RailMinIndia/status/1782986433554251986,tweet,Ministry of Railways,@RailMinIndia,18,1,286,619,38320,1,2024-04-24 09:44:26,https://pbs.twimg.com/media/GL5wonwXIAA6aLm.jpg,
1782829202196295754,एक महिला रेल सफ़ाईकर्मी की यात्रियों से अपील। #ResponsibleRailYatri https://t.co/2H9YDsYHZq,https://x.com/RailMinIndia/status/1782829202196295754,tweet,Ministry of Railways,@RailMinIndia,206,49,1269,4220,194666,60,2024-04-23 23:19:39,https://pbs.twimg.com/amplify_video_thumb/1782829117445935104/img/7jyX5c-ze-rUXzO3.jpg,https://video.twimg.com/amplify_video/1782829117445935104/vid/avc1/848x480/kfqfsUaoDAn5QxOz.mp4?tag=14
1782709927510712335,"रेलवे ट्रैक्स पर सेल्फी नहीं लें, ऐसा करना जानलेवा साबित हो सकता है।
#ResponsibleRailYatri https://t.co/9AkCHu9WH5",https://x.com/RailMinIndia/status/1782709927510712335,tweet,Ministry of Railways,@RailMinIndia,54,3,319,694,50966,8,2024-04-23 15:25:42,https://pbs.twimg.com/media/GL10-NeXEAA8XCD.jpg,
1782654879837663340,Indian Railways upholding its commitment to provide comfortable journeys for passengers. https://t.co/hSk4HUBSEJ,https://x.com/RailMinIndia/status/1782654879837663340,tweet,Ministry of Railways,@RailMinIndia,63,4,247,357,36709,5,2024-04-23 11:46:58,https://pbs.twimg.com/ext_tw_video_thumb/1782654573817044992/pu/img/vyr9sUTsQW5V7u-O.jpg,https://video.twimg.com/ext_tw_video/1782654573817044992/pu/vid/avc1/592x1056/T_AN_rhO-0U0h6qF.mp4?tag=12
1782612404964126883,"Celebrating World Book and Copyright Day to recognise the transformative power of books and acknowledging the efforts of libraries, publishers and booksellers. https://t.co/lts84tcdyc",https://x.com/RailMinIndia/status/1782612404964126883,tweet,Ministry of Railways,@RailMinIndia,22,1,268,384,35167,3,2024-04-23 08:58:11,https://pbs.twimg.com/media/GL0ccnCWsAA6b1E.jpg,
1782454470476976500,Additional train trips to facilitate passengers across the country. https://t.co/a5giD6XDtL,https://x.com/RailMinIndia/status/1782454470476976500,tweet,Ministry of Railways,@RailMinIndia,50,3,251,363,44089,2,2024-04-22 22:30:36,https://pbs.twimg.com/media/GLyM4voW4AIvUCj.jpg,
1782377940455448908,"Skip long queues and get unreserved tickets on the move with UTS App.

Download

Playstore: https://t.co/tU157vxX46

iOS: https://t.co/ScVyEEwOuk https://t.co/yZ66S0pcXC",https://x.com/RailMinIndia/status/1782377940455448908,tweet,Ministry of Railways,@RailMinIndia,25,1,237,310,31815,5,2024-04-22 17:26:30,https://pbs.twimg.com/ext_tw_video_thumb/1782377895412871168/pu/img/qJAqSW-fWCqrBeIw.jpg,https://video.twimg.com/ext_tw_video/1782377895412871168/pu/vid/avc1/720x720/N0wURRZKJtijrtoX.mp4?tag=12
1782362940408009023,"From inquiries to assistance, #RailMadad has got you covered. 
Just dial 139!
Download:
iOS: https://t.co/DPsosAjXS4
Playstore: https://t.co/AGIFHWdCVI https://t.co/TeKzJGS0GB",https://x.com/RailMinIndia/status/1782362940408009023,tweet,Ministry of Railways,@RailMinIndia,24,1,235,307,32885,4,2024-04-22 16:26:54,https://pbs.twimg.com/media/GLw5mlsXUAEy2C2.jpg,
1782296150701175290,"The three-day Mini-Scale Modern Train Show at the ICF Rail Museum in Chennai captivated the hearts of visitors, evoking fond memories and a deep appreciation for their Rail experiences. https://t.co/C6ehJF7N38",https://x.com/RailMinIndia/status/1782296150701175290,tweet,Ministry of Railways,@RailMinIndia,28,3,276,642,46938,6,2024-04-22 12:01:30,"https://pbs.twimg.com/media/GLv8HQWXIAAemZ_.jpg,https://pbs.twimg.com/media/GLv8LCnWIAA2Vfd.jpg,https://pbs.twimg.com/media/GLv8NYVWwAAT23g.jpg,https://pbs.twimg.com/media/GLv8PPMXAAUcqQh.jpg",
1782252416403968255,"Indian Railways is utilising clean energy, conserving water and striving for zero waste discharge, all the while working towards achieving Net Zero Carbon Emission. https://t.co/Cc1yJxSCJY",https://x.com/RailMinIndia/status/1782252416403968255,tweet,Ministry of Railways,@RailMinIndia,37,1,298,511,40581,2,2024-04-22 09:07:43,https://pbs.twimg.com/media/GLvVFdLXMAAjpj3.jpg,
1782094577404711160,"Exercise your right to vote and have your voice heard, because Har Ek Vote Zaroori Hota Hai. 🗳️
#ChunavKaParv #DeshKaGarv #Elections2024 https://t.co/WaHRg10z6J",https://x.com/RailMinIndia/status/1782094577404711160,tweet,Ministry of Railways,@RailMinIndia,46,3,254,421,50793,3,2024-04-21 22:40:31,https://pbs.twimg.com/media/GLtFkXCXoAAs4dr.jpg,
1782011603875164589,"Indian Railways pays tribute to ‘human computer’, Shakuntala Devi, on her death anniversary. She is known for her exceptional mental math skills. https://t.co/MpVVH1Gt5m",https://x.com/RailMinIndia/status/1782011603875164589,tweet,Ministry of Railways,@RailMinIndia,39,3,268,567,42733,2,2024-04-21 17:10:49,https://pbs.twimg.com/media/GLr6GxqXUAA7Deo.jpg,
1781951527378358690,"On #NationalCivilServicesDay Indian Railways acknowledges the exemplary work done by our civil servants, who play a crucial role in the governance and administration of the country. https://t.co/SLSIcUltIy",https://x.com/RailMinIndia/status/1781951527378358690,tweet,Ministry of Railways,@RailMinIndia,42,3,246,428,42834,3,2024-04-21 13:12:05,https://pbs.twimg.com/media/GLrDdw_W4AAOWPY.jpg,
1781901183692726635,संपूर्ण विश्व को अहिंसा का संदेश देने वाले भगवान महावीर जी की जयंती के अवसर पर भारतीय रेल उन्हें सादर नमन करती है। https://t.co/3cZEudz1UV,https://x.com/RailMinIndia/status/1781901183692726635,tweet,Ministry of Railways,@RailMinIndia,43,2,316,802,55719,2,2024-04-21 09:52:02,https://pbs.twimg.com/media/GLqVrPMWcAA2oy4.jpg,
1781668094852595736,The present video of the coach. No overcrowding. Please don't malign the image of Indian Railways by sharing misleading videos. https://t.co/ivz9LDyFly,https://x.com/RailMinIndia/status/1781668094852595736,tweet,Ministry of Railways,@RailMinIndia,3320,1153,1711,6527,2995584,339,2024-04-20 18:25:50,https://pbs.twimg.com/amplify_video_thumb/1781667979911974912/img/wk7h4uXKlFkKv2ve.jpg,https://video.twimg.com/amplify_video/1781667979911974912/vid/avc1/478x850/ylwKJVHlDUbvBNaS.mp4?tag=14
1781662939025637641,It is hereby informed that videos shared in this post are old. Watch the present condition of train mentioned. IR is running record number of additional trains in this season to facilitate passengers. https://t.co/BELcfYbbeZ,https://x.com/RailMinIndia/status/1781662939025637641,tweet,Ministry of Railways,@RailMinIndia,751,166,1020,3277,401117,66,2024-04-20 18:05:21,https://pbs.twimg.com/amplify_video_thumb/1781662866426171393/img/BKVk5CHSiSIk-J0c.jpg,https://video.twimg.com/amplify_video/1781662866426171393/vid/avc1/480x864/jAB4oLqRz9u_297R.mp4?tag=14
1781659737785803036,Based on the internal investigation. No such incident related to breaking of glass was reported. Kindly refrain from sharing old misleading videos. https://t.co/hrBsf4MoAh,https://x.com/RailMinIndia/status/1781659737785803036,tweet,Ministry of Railways,@RailMinIndia,659,175,1592,5850,980455,116,2024-04-20 17:52:37,https://pbs.twimg.com/amplify_video_thumb/1781659125916545024/img/qv-GQL1vfsvX8Fg2.jpg,https://video.twimg.com/amplify_video/1781659125916545024/vid/avc1/480x864/ormY-s7ZuhQoDZbW.mp4?tag=14
1781628364836556992,Accepting food or beverages from unfamiliar people during Rail travel could be risky. Make a wise choice and stay safe. https://t.co/BlbMevtBi4,https://x.com/RailMinIndia/status/1781628364836556992,tweet,Ministry of Railways,@RailMinIndia,47,2,231,324,37163,3,2024-04-20 15:47:57,https://pbs.twimg.com/media/GLmdh5RWYAIuEb4.jpg,
1781622276581994590,"Your Railway premises require your responsible supervision; pay heed to cleanliness in and around the Railway premises for an elevated travel experience.
#ResponsibleRailYatri https://t.co/sqjmvX9evd",https://x.com/RailMinIndia/status/1781622276581994590,tweet,Ministry of Railways,@RailMinIndia,59,0,223,296,36281,2,2024-04-20 15:23:46,https://pbs.twimg.com/media/GLmX3sqXMAEjryt.jpg,
1781510599731499229,Indian Railways charting magnificent and thrilling corners of the Nation. https://t.co/RoqdqzO9Ug,https://x.com/RailMinIndia/status/1781510599731499229,tweet,Ministry of Railways,@RailMinIndia,72,5,306,987,67763,12,2024-04-20 08:00:00,https://pbs.twimg.com/media/GLhZ2GjXIAArw_x.jpg,https://video.twimg.com/amplify_video/1781271925873922048/vid/avc1/720x1280/dAYRyQjVvf6WP3y5.mp4?tag=14
1781338587306324210,"Scouts &amp; Guides volunteered to distribute drinking water to passengers at Malda Town station, West Bengal providing relief from scorching summer heat. https://t.co/SAKNHfq2oZ",https://x.com/RailMinIndia/status/1781338587306324210,tweet,Ministry of Railways,@RailMinIndia,30,4,261,664,45632,5,2024-04-19 20:36:29,"https://pbs.twimg.com/media/GLiV8E3WwAAtmfN.jpg,https://pbs.twimg.com/media/GLiV8EyXAAAXjGC.jpg,https://pbs.twimg.com/media/GLiV8E4XcAA198y.jpg,https://pbs.twimg.com/media/GLiV8E7XAAI5wIB.jpg",
1781328522381869497,Platform ticket can be purchased across Indian Railways for ₹10.,https://x.com/RailMinIndia/status/1781328522381869497,tweet,Ministry of Railways,@RailMinIndia,71,2,104,536,79640,4,2024-04-19 19:56:29,,
1781328158504927311,"दोस्त या रिश्तेदार को स्टेशन तक छोड़ने हो जाना, तो ₹10 का प्लेटफॉर्म टिकट लेना भूल न जाना। 
#ResponsibleRailYatri https://t.co/PY6Uu1xYfw",https://x.com/RailMinIndia/status/1781328158504927311,tweet,Ministry of Railways,@RailMinIndia,1758,311,1448,13621,874746,173,2024-04-19 19:55:03,https://pbs.twimg.com/media/GLiMg-vXAAE6ahT.jpg,
1781302350231027995,"Taking cognisance of the anticipated surge in travel demand during summer, Indian Railways is operating 9,000+Summer Special Train trips to ensure smooth and comfortable travel for passengers. 

Read: https://t.co/5gi3Kt0c0w https://t.co/K86Ey6BsIn",https://x.com/RailMinIndia/status/1781302350231027995,tweet,Ministry of Railways,@RailMinIndia,57,10,225,380,39546,5,2024-04-19 18:12:29,https://pbs.twimg.com/media/GLh0-ZzWcAANlgr.jpg,
1781290900854817013,"यात्री सेवा सर्वोपरि!

गर्मी के मौसम में रेल यात्रियों की सुविधा के लिए भारतीय रेल द्वारा रेलवे स्टेशनों पर स्वच्छ एवं शीतल पेयजल की व्यवस्था करने के साथ ही यात्री सुरक्षा के लिए भी इंतजाम किए जा रहे हैं। https://t.co/d7iXztN6WI",https://x.com/RailMinIndia/status/1781290900854817013,tweet,Ministry of Railways,@RailMinIndia,65,9,251,584,43051,3,2024-04-19 17:27:00,"https://pbs.twimg.com/media/GLhqKm1XwAACBu_.jpg,https://pbs.twimg.com/media/GLhqKmxXQAAXGJq.jpg,https://pbs.twimg.com/media/GLhqKm1XMAATP50.jpg",
1781215233614192819,Railway Bridges: marvels of Engineering! https://t.co/DzAZlELFRr,https://x.com/RailMinIndia/status/1781215233614192819,tweet,Ministry of Railways,@RailMinIndia,149,19,473,1568,194874,48,2024-04-19 12:26:19,https://pbs.twimg.com/ext_tw_video_thumb/1781214988843020288/pu/img/cMFd7f1sw9RlUQW0.jpg,https://video.twimg.com/ext_tw_video/1781214988843020288/pu/vid/avc1/720x1280/NodqANiIa6Kt7haF.mp4?tag=12
1781162882170003463,"On #WorldLiverDay, Indian Railways seizes the chance to educate on liver disease prevention, urging the adoption of healthy habits. https://t.co/zDYMnkSh9d",https://x.com/RailMinIndia/status/1781162882170003463,tweet,Ministry of Railways,@RailMinIndia,25,2,269,420,39427,3,2024-04-19 08:58:18,https://pbs.twimg.com/media/GLf2Mp7aQAAcYGb.jpg,
1780938920382882224,Tune in to hear our own Yatrigan narrate how the UTS App has made train journeys seamless. https://t.co/iErXBSrkag,https://x.com/RailMinIndia/status/1780938920382882224,tweet,Ministry of Railways,@RailMinIndia,27,1,241,322,37370,7,2024-04-18 18:08:21,https://pbs.twimg.com/media/GLgoEJiX0AA3M7q.jpg,https://video.twimg.com/ext_tw_video/1780938796445372417/pu/vid/avc1/1280x720/1zEbrfznLa4dVtPK.mp4?tag=17
1780909183056945513,"With a sense of pride and purpose, VOTE! 
Don’t miss out on your polling day. 🗳️
#ChunavKaParv #DeshKaGarv #Elections2024 https://t.co/Xey0qImS9V",https://x.com/RailMinIndia/status/1780909183056945513,tweet,Ministry of Railways,@RailMinIndia,26,2,243,383,31771,1,2024-04-18 16:10:11,https://pbs.twimg.com/media/GLcPVfNWgAEw5gJ.jpg,
1780877916391276682,"गर्मी के मौसम में रेल यात्रियों की बढ़ती संख्या को देखते हुए भारतीय रेल द्वारा विभिन्न रेलवे स्टेशनों पर हेल्प डेस्क, पेयजल की उचित व्यवस्था और सुरक्षा के पुख्ता इंतजाम किए गए हैं। https://t.co/0o0laP3dC6",https://x.com/RailMinIndia/status/1780877916391276682,tweet,Ministry of Railways,@RailMinIndia,83,3,306,888,64491,6,2024-04-18 14:05:57,"https://pbs.twimg.com/ext_tw_video_thumb/1780877845473927168/pu/img/e9AtYhhvuvYNNJoS.jpg,https://pbs.twimg.com/media/GLbzAiYXQAE7RXv.jpg,https://pbs.twimg.com/media/GLbzAixXsAAs85M.jpg,https://pbs.twimg.com/media/GLbzAjLWcAAH_f0.jpg",https://video.twimg.com/ext_tw_video/1780877845473927168/pu/vid/avc1/478x850/oKF86-8FFX0B41SM.mp4?tag=12
1780855285801791854,1857 के प्रथम स्वतंत्रता संग्राम के नायक और महान देशभक्त तात्या टोपे जी की पुण्यतिथि पर भारतीय रेल उन्हें सादर श्रद्धांजलि अर्पित करती है। https://t.co/iIfcGjG2HV,https://x.com/RailMinIndia/status/1780855285801791854,tweet,Ministry of Railways,@RailMinIndia,15,1,261,560,34296,3,2024-04-18 12:36:01,https://pbs.twimg.com/media/GLbeakDXAAE26dd.jpg,
1780815252520910984,"This #WorldHeritageDay, let’s honour and celebrate the timeless heritage of our country. https://t.co/FGbOIMwEXx",https://x.com/RailMinIndia/status/1780815252520910984,tweet,Ministry of Railways,@RailMinIndia,28,2,333,710,49575,9,2024-04-18 09:56:56,https://pbs.twimg.com/media/GLbZmfrXcAAm7Ok.jpg,https://video.twimg.com/amplify_video/1780815151744098304/vid/avc1/1280x720/Z-Yh1FB98ionWrQu.mp4?tag=14
1780633513307279628,"Little actions, huge impact! 💯
Adopt a Zero Carbon Lifestyle and reduce your carbon footprint!
#MissionLiFE #ChooseLiFE https://t.co/wolhWyKtpQ",https://x.com/RailMinIndia/status/1780633513307279628,tweet,Ministry of Railways,@RailMinIndia,11,2,231,335,36712,1,2024-04-17 21:54:46,https://pbs.twimg.com/media/GLYUvXUWEAIjhAP.jpg,
1780553573002248276,समस्त देशवासियों को भारतीय रेल की ओर से महापर्व श्रीरामनवमी की हार्दिक शुभकामनाएं। https://t.co/UVOdgs5Tvj,https://x.com/RailMinIndia/status/1780553573002248276,tweet,Ministry of Railways,@RailMinIndia,33,4,299,793,41103,7,2024-04-17 16:37:07,https://pbs.twimg.com/amplify_video_thumb/1780553471000743936/img/Qxqz1mIgE-xI9FqV.jpg,https://video.twimg.com/amplify_video/1780553471000743936/vid/avc1/1280x720/kJcViJeFZM6Em12K.mp4?tag=14
1780505103595970720,महान शिक्षाविद् और देश के पूर्व राष्ट्रपति व भारत रत्न से सम्मानित डॉ. सर्वपल्ली राधाकृष्णन जी की पुण्यतिथि पर भारतीय रेल की ओर से उन्हें विनम्र श्रद्धांजलि। https://t.co/WPZstO0l9x,https://x.com/RailMinIndia/status/1780505103595970720,tweet,Ministry of Railways,@RailMinIndia,21,0,259,566,33934,1,2024-04-17 13:24:31,https://pbs.twimg.com/media/GLWf82NWQAAJVNK.jpg,
1780464581321916493,भारतीय रेल की ओर से समस्त देशवासियों को आस्था एवं अटूट श्रद्धा के महापर्व श्रीरामनवमी की अनंत शुभकामनाएं। https://t.co/ilEfFbXGF1,https://x.com/RailMinIndia/status/1780464581321916493,tweet,Ministry of Railways,@RailMinIndia,34,1,336,1162,40589,0,2024-04-17 10:43:30,https://pbs.twimg.com/media/GLV7GHpWsAAQ8pF.jpg,
1780294495667380623,"Glistening in the 171-year-old legacy of Indian Railways, the heritage building of CSMT Station in Maharashtra adorns golden hues, commemorating the historic inception with the inaugural run of the first train in 1853. https://t.co/ck1ynoBRob",https://x.com/RailMinIndia/status/1780294495667380623,tweet,Ministry of Railways,@RailMinIndia,19,1,265,627,45666,0,2024-04-16 23:27:38,"https://pbs.twimg.com/media/GLTgZ0uWIAA--ZA.jpg,https://pbs.twimg.com/media/GLTgZ0yWYAAEVXG.jpg",
1780285639050899500,Marking 171 glorious years of Indian Railways’ relentless service to the Nation. https://t.co/8sAMFhmON4,https://x.com/RailMinIndia/status/1780285639050899500,tweet,Ministry of Railways,@RailMinIndia,43,3,258,467,46022,5,2024-04-16 22:52:27,https://pbs.twimg.com/amplify_video_thumb/1780285179233284096/img/CIslbfJK0nJ5vowY.jpg,https://video.twimg.com/amplify_video/1780285179233284096/vid/avc1/1280x720/HZRy3dACKbMwLkE-.mp4?tag=14
1780180207661650140,Be cautious of unattended items discovered at Railway premises and immediately inform Railway staff or security personnel to ensure safety. https://t.co/mMREFNCIXN,https://x.com/RailMinIndia/status/1780180207661650140,tweet,Ministry of Railways,@RailMinIndia,19,0,234,315,31697,1,2024-04-16 15:53:30,https://pbs.twimg.com/media/GLR4dcqXQAAmanJ.jpg,
1780141182343073916,"Vote to be a responsible citizen and uphold the most important pillar of democracy. 
#ChunavKaParv #DeshKaGarv #Elections2024 https://t.co/jM9avN2WCi",https://x.com/RailMinIndia/status/1780141182343073916,tweet,Ministry of Railways,@RailMinIndia,30,2,245,374,33446,1,2024-04-16 13:18:25,https://pbs.twimg.com/media/GLRU9zkawAA5PRq.jpg,
1780061048847937762,"Along the thick greenwood in Naraj Marthapur, Odisha, a train curves in a tour-de-force of agility. https://t.co/HAHPtGtPFc",https://x.com/RailMinIndia/status/1780061048847937762,tweet,Ministry of Railways,@RailMinIndia,33,1,317,1062,62766,6,2024-04-16 08:00:00,https://pbs.twimg.com/media/GLM_TlSWkAAcSyI.jpg,
1779833296324632879,"Unleashing a thunderous class in speed and elegance 
#VandeBharatExpress https://t.co/zjiNR9nYyR",https://x.com/RailMinIndia/status/1779833296324632879,tweet,Ministry of Railways,@RailMinIndia,90,7,351,946,67548,13,2024-04-15 16:55:00,https://pbs.twimg.com/media/GLM_wfZWoAAavCO.jpg,https://video.twimg.com/ext_tw_video/1779833137159098368/pu/vid/avc1/720x1280/ZHIXF5-YuZIkxmcm.mp4?tag=12
1779802717222805904,Avoid carrying combustibles and other hazardous materials onboard your Rail journey for a risk-free trip. https://t.co/PkuUpEvOfu,https://x.com/RailMinIndia/status/1779802717222805904,tweet,Ministry of Railways,@RailMinIndia,32,0,265,437,38213,0,2024-04-15 14:53:29,https://pbs.twimg.com/media/GLMg8WQWgAAzMz6.jpg,
1779775036447961574,"Got queries? 🤔 
We’ve got answers. 😎
Dial 139 and get immediate #RailMadad

Download
iOS: https://t.co/DPsosAjXS4
Playstore: https://t.co/AGIFHWdCVI https://t.co/gALJ0RldbU",https://x.com/RailMinIndia/status/1779775036447961574,tweet,Ministry of Railways,@RailMinIndia,33,1,243,294,33917,6,2024-04-15 13:03:29,https://pbs.twimg.com/media/GLMHusiWAAAx5y3.jpg,
1779440230640300096,"Indian Railways observes National Fire Service Week, saluting the bravehearts who go beyond their line of duty to protect life and property. 👩🏻‍🚒👨🏻‍🚒 https://t.co/1Ed4CgZLng",https://x.com/RailMinIndia/status/1779440230640300096,tweet,Ministry of Railways,@RailMinIndia,28,1,268,429,43523,2,2024-04-14 14:53:06,https://pbs.twimg.com/media/GLHXc_YWUAEBebF.jpg,
1779403310665183433,"Wishing everyone a year full of new beginnings on the occasion of Pana Sankranti, the Odia New Year. https://t.co/oPPeU9r3ps",https://x.com/RailMinIndia/status/1779403310665183433,tweet,Ministry of Railways,@RailMinIndia,18,1,230,412,35468,5,2024-04-14 12:26:23,https://pbs.twimg.com/media/GLG14GeW0AAoHka.jpg,
1779377298808226039,"Indian Railways extends heartfelt wishes for a vibrant Puthandu, the Tamil New Year, brimming with fresh starts and opportunities. https://t.co/STWsqsJWAC",https://x.com/RailMinIndia/status/1779377298808226039,tweet,Ministry of Railways,@RailMinIndia,12,0,224,375,35531,3,2024-04-14 10:43:01,https://pbs.twimg.com/media/GLGeOASXsAESmnN.jpg,
1779368945440682448,"Heartfelt greetings of Bohag Bihu, marking the beginning of Assamese New Year from Indian Railways. https://t.co/Gkar3L9kPk",https://x.com/RailMinIndia/status/1779368945440682448,tweet,Ministry of Railways,@RailMinIndia,13,0,226,338,35016,3,2024-04-14 10:09:50,https://pbs.twimg.com/media/GLGWntjXgAAw_Hu.jpg,
1779338943168995371,संविधान रचयिता भारत रत्न बाबासाहेब डॉ. भीमराव अम्बेडकर जी की जयंती पर भारतीय रेल उन्हें शत्-शत् नमन करती है। https://t.co/W8SbGKSdiM,https://x.com/RailMinIndia/status/1779338943168995371,tweet,Ministry of Railways,@RailMinIndia,81,15,906,4974,158165,24,2024-04-14 08:10:37,https://pbs.twimg.com/media/GLF7VbHbgAAy-o5.jpg,
1779107188830560374,जिम्मेदार रेल यात्री बनें और हमेशा वैध टिकट लेकर ही ट्रेन में सफर करें। https://t.co/Qt5mxxsHHU,https://x.com/RailMinIndia/status/1779107188830560374,tweet,Ministry of Railways,@RailMinIndia,247,29,290,889,91578,9,2024-04-13 16:49:42,https://pbs.twimg.com/media/GLCoi15XwAAVXmr.jpg,
1779055782346015136,"Indian Railways solemnly honours the memory of the valiant souls who laid down their lives on Jallianwala Bagh Massacre Day, bravely resisting colonial oppression during India's quest for independence. https://t.co/cBwlzurXpo",https://x.com/RailMinIndia/status/1779055782346015136,tweet,Ministry of Railways,@RailMinIndia,24,3,271,521,43055,2,2024-04-13 13:25:26,https://pbs.twimg.com/media/GLB5uf0WYAAwCE5.jpg,
1779044265366016174,"रेल यात्रा के दौरान ना हो परेशान, हेल्पलाइन नंबर 139 से होगा समस्या का समाधान!

डाउनलोड करें
iOS: https://t.co/DPsosAjXS4
Playstore: https://t.co/AGIFHWdCVI https://t.co/fSoVhniApm",https://x.com/RailMinIndia/status/1779044265366016174,tweet,Ministry of Railways,@RailMinIndia,87,5,266,519,42745,12,2024-04-13 12:39:40,https://pbs.twimg.com/ext_tw_video_thumb/1779044205924433920/pu/img/bT7rVj2DwSNtoUAO.jpg,https://video.twimg.com/ext_tw_video/1779044205924433920/pu/vid/avc1/720x720/wvM2zugdhfqhawAI.mp4?tag=17
1778975907627380815,भारतीय रेल की ओर से समस्त देशवासियों को समृद्धि एवं हर्षोल्लास के पर्व बैसाखी की हार्दिक बधाई। https://t.co/rU9N2SKhZ6,https://x.com/RailMinIndia/status/1778975907627380815,tweet,Ministry of Railways,@RailMinIndia,30,3,290,866,53634,3,2024-04-13 08:08:02,https://pbs.twimg.com/media/GLAxJ60XcAAIiFD.jpg,
1778775136155402623,"एक छोटी सी लापरवाही जिंदगी पर भारी पड़ सकती है!
रेलवे फाटक बंद होने पर धैर्य का परिचय दें जल्दबाजी में इसे पार करने का जोखिम ना उठाए यह जानलेवा साबित हो सकता है। https://t.co/3nN2wKSk1d",https://x.com/RailMinIndia/status/1778775136155402623,tweet,Ministry of Railways,@RailMinIndia,42,4,284,553,41021,4,2024-04-12 18:50:15,https://pbs.twimg.com/media/GK96Wc4XoAAIvfJ.jpg,
1778723153117639132,"#UTS App, a smart way for smart passengers to get unreserved tickets online.

Download

Playstore: https://t.co/tU157vxX46

iOS: https://t.co/ScVyEEwOuk https://t.co/9EhNyqiigr",https://x.com/RailMinIndia/status/1778723153117639132,tweet,Ministry of Railways,@RailMinIndia,34,2,228,299,36638,4,2024-04-12 15:23:41,https://pbs.twimg.com/media/GK9J_8rXQAAi2qF.jpg,
1778678317710770273,"Electrification, transforming the landscape of Indian Railways. ⚡ https://t.co/lHccrlEvVR",https://x.com/RailMinIndia/status/1778678317710770273,tweet,Ministry of Railways,@RailMinIndia,33,3,249,379,41622,6,2024-04-12 12:25:31,https://pbs.twimg.com/media/GK8ibbaWgAASriY.jpg,
1778620455055733154,"Basking in the golden glow of a sunny day, a Rail bridge gracefully spans over River Shivnath on the Kharsia-Dharamjaigarh Rail section. ☀️
📍Chhattisgarh https://t.co/wJiSY3RXZn",https://x.com/RailMinIndia/status/1778620455055733154,tweet,Ministry of Railways,@RailMinIndia,27,7,296,677,55893,4,2024-04-12 08:35:36,https://pbs.twimg.com/media/GK7t30waYAA9bPD.jpg,
1778377751453478957,Entry on platforms is allowed only to bonafide passengers. Persons without a ticket can purchase a platform ticket from the ticket counter or online on UTS Mobile. https://t.co/WlIKUHmW7U,https://x.com/RailMinIndia/status/1778377751453478957,tweet,Ministry of Railways,@RailMinIndia,45,4,278,574,54280,5,2024-04-11 16:31:11,https://pbs.twimg.com/media/GK4RD_rW4AAHz3Z.jpg,
1778316470184771644,Take a quick weekend getaway in the heritage of Western Ghats with the Neral-Matheran Toy Train. https://t.co/wYBE2HESye,https://x.com/RailMinIndia/status/1778316470184771644,tweet,Ministry of Railways,@RailMinIndia,17,2,282,478,42668,9,2024-04-11 12:27:40,https://pbs.twimg.com/media/GK3actOXsAATdoF.jpg,https://video.twimg.com/ext_tw_video/1778315623518306304/pu/vid/avc1/720x720/BnF6q2lNMtjjiDNd.mp4?tag=12
1778276705536450915,भारतीय रेल की ओर से आपसी भाईचारे के प्रतीक पर्व ईद-उल-फितर की हार्दिक बधाई। https://t.co/nso1Y40Iyl,https://x.com/RailMinIndia/status/1778276705536450915,tweet,Ministry of Railways,@RailMinIndia,44,6,285,718,46921,2,2024-04-11 09:49:40,https://pbs.twimg.com/media/GK21PCFWkAAxk6t.jpg,
1778255224148476003,समाजिक कुरीतियों के विरुद्ध आवाज उठाने वाले महान समाजसेवी महात्मा ज्योतिबा फुले जी की जयंती पर भारतीय रेल उन्हें कोटिश: नमन करती है। https://t.co/LOKFMrb92M,https://x.com/RailMinIndia/status/1778255224148476003,tweet,Ministry of Railways,@RailMinIndia,28,5,321,764,47890,3,2024-04-11 08:24:18,https://pbs.twimg.com/media/GK2hssibAAA6iZd.jpg,
1778051414092083280,"Skip the line, book your tickets online.
Simplify the process of ticketing, purchase unreserved tickets on the UTS app.

Download:
Playstore: https://t.co/tU157vxX46

iOS: https://t.co/ScVyEEwOuk https://t.co/qn7CdlukHv",https://x.com/RailMinIndia/status/1778051414092083280,tweet,Ministry of Railways,@RailMinIndia,46,3,252,378,39809,2,2024-04-10 18:54:26,https://pbs.twimg.com/media/GKzn7k1WEAEsOai.jpg,
1778014108505210980,"Take a look at the Ranchi-Varanasi #VandeBharatExpress traversing along the luscious field of golden hues, creating a striking accord with its orange streak.

Credit: Saurabh https://t.co/eIAymHC3xS",https://x.com/RailMinIndia/status/1778014108505210980,tweet,Ministry of Railways,@RailMinIndia,87,18,545,3162,153597,43,2024-04-10 16:26:12,https://pbs.twimg.com/ext_tw_video_thumb/1778013985159172096/pu/img/I2YJE93J_bH5IhWZ.jpg,https://video.twimg.com/ext_tw_video/1778013985159172096/pu/vid/avc1/720x1280/Mbb4sMgq-ZNQHqJx.mp4?tag=12
1777998155369333181,"Spanning River Luna, a river bridge stitches two vibrant worlds in Odisha. https://t.co/rSc60BdAWF",https://x.com/RailMinIndia/status/1777998155369333181,tweet,Ministry of Railways,@RailMinIndia,9,1,268,702,51506,8,2024-04-10 15:22:48,https://pbs.twimg.com/media/GKy33xSXcAAG6iJ.jpg,
1777942472884171069,Dispose of your waste responsibly and do your part as a #ResponsibleRailYatri.🗑️✅ https://t.co/lk49cQBzWU,https://x.com/RailMinIndia/status/1777942472884171069,tweet,Ministry of Railways,@RailMinIndia,24,2,278,487,39846,4,2024-04-10 11:41:32,https://pbs.twimg.com/media/GKyFGesXkAAojOq.jpg,
1777889176228388958,"होम्योपैथी सुरक्षित, सस्ती और सरल प्राकृतिक चिकित्सा पद्धति है। विश्व होम्योपैथी दिवस के अवसर पर आइए उपचार के इस तरीक़े के प्रति जागरूकता फैलाएं। https://t.co/4WHlO4K57H",https://x.com/RailMinIndia/status/1777889176228388958,tweet,Ministry of Railways,@RailMinIndia,16,2,329,823,50751,2,2024-04-10 08:09:45,https://pbs.twimg.com/media/GKxUx2ZaAAAeAc2.jpg,
1777651969395429648,"Indian Railways wishes a Happy Gudi Padwa! ✨
May the new year bring prosperous beginnings, hopes and happiness to everyone’s life. https://t.co/l56CTHzbuM",https://x.com/RailMinIndia/status/1777651969395429648,tweet,Ministry of Railways,@RailMinIndia,20,1,243,510,36628,1,2024-04-09 16:27:11,https://pbs.twimg.com/media/GKt9CjzWQAIkWHC.jpg,